row_id,target
0-4,-0.15236909594386816
0-32,-0.15236909594386816
0-34,-0.15236909594386816
